entry	vanilla_exit	cinderx_exit	classification
test.test_rlcompleter.TestRlcompleter.test_global_matches	0	0	STALE_skip_test_now_passes_both
test.test__xxsubinterpreters.*	0	124	SKIP_REJECTED_cinderx_bug
test.test_ast.ModuleStateTests.test_subinterpreter	1	1	SKIP_APPROVED_environmental
test.test_atexit.SubinterpreterTest.*	0	134	SKIP_REJECTED_cinderx_bug
test.test_capi.SubinterpreterTest.*	1	1	SKIP_APPROVED_environmental
test.test_embed.AuditingTests.test_audit_subinterpreter	0	0	STALE_skip_test_now_passes_both
test.test_embed.EmbeddingTests.test_subinterps_different_ids	0	0	STALE_skip_test_now_passes_both
test.test_embed.EmbeddingTests.test_subinterps_distinct_state	0	0	STALE_skip_test_now_passes_both
test.test_embed.EmbeddingTests.test_subinterps_main	0	0	STALE_skip_test_now_passes_both
test.test_multibytecodec.Test_IncrementalEncoder.test_subinterp	0	134	SKIP_REJECTED_cinderx_bug
test.test_threading.SubinterpThreadingTests.*	0	134	SKIP_REJECTED_cinderx_bug
test_interpreters	0	124	SKIP_REJECTED_cinderx_bug
test.test_capi.CAPITest.test_getitem_with_error	1	1	SKIP_APPROVED_environmental
test.test_repl.TestInteractiveInterpreter.test_no_memory	0	0	STALE_skip_test_now_passes_both
test__opcode	0	0	STALE_skip_test_now_passes_both
test.test_dis.*.test_widths	1	1	SKIP_APPROVED_environmental
test.test_asyncgen.AsyncGenAsyncioTest.test_async_gen_asyncio_gc_aclose_09	0	0	STALE_skip_test_now_passes_both
test.test_fork1.ForkTest.test_threaded_import_lock_fork	0	0	STALE_skip_test_now_passes_both
test.test_gdb.PrettyPrintTests.test_frames	1	1	SKIP_APPROVED_environmental
test.test_generators.GeneratorTest.test_name	0	0	STALE_skip_test_now_passes_both
test.test_inspect.TestSignatureBind.test_signature_bind_implicit_arg	1	1	SKIP_APPROVED_environmental
test.test_nntplib.NetworkedNNTP_SSLTests	0	0	STALE_skip_test_now_passes_both
test.test_tracemalloc.TestTracemallocEnabled.test_get_traced_memory	0	0	STALE_skip_test_now_passes_both
test.test_types.UnionTests.test_or_type_operator_reference_cycle	0	0	STALE_skip_test_now_passes_both
test.test_trace.TestLineCounts.test_trace_list_comprehension	0	0	STALE_skip_test_now_passes_both
test.test_dis.DisTests.test_bug_1333982	0	0	STALE_skip_test_now_passes_both
test.test_dis.DisTests.test_disassemble_recursive	0	0	STALE_skip_test_now_passes_both
test.test_dis.DisWithFileTests.test_bug_1333982	0	0	STALE_skip_test_now_passes_both
test.test_dis.DisWithFileTests.test_disassemble_recursive	0	0	STALE_skip_test_now_passes_both
test.test_httplib.test_local_bad_hostname	1	1	SKIP_APPROVED_environmental
test.test_httplib.test_local_good_hostname	1	1	SKIP_APPROVED_environmental
test.test_capi.test_misc.SubinterpreterTest.*	0	134	SKIP_REJECTED_cinderx_bug
test.test_capi.test_misc.TestPendingCalls.test_isolated_subinterpreter	0	0	STALE_skip_test_now_passes_both
test.test_capi.test_getargs.Test_testcapi.test_gh_119213	0	0	STALE_skip_test_now_passes_both
test.test_import.SubinterpImportTests.*	0	134	SKIP_REJECTED_cinderx_bug
test.test_int.IntStrDigitLimitsTests.test_int_max_str_digits_is_per_interpreter	0	134	SKIP_REJECTED_cinderx_bug
test.test_int.IntSubclassStrDigitLimitsTests.test_int_max_str_digits_is_per_interpreter	0	134	SKIP_REJECTED_cinderx_bug
test.test_exceptions.ExceptionTests.test_memory_error_in_subinterp	0	0	STALE_skip_test_now_passes_both
test.test_syslog.Test.test_subinterpreter_closelog	0	134	SKIP_REJECTED_cinderx_bug
test.test_syslog.Test.test_subinterpreter_openlog	0	134	SKIP_REJECTED_cinderx_bug
test.test_syslog.Test.test_subinterpreter_syslog	0	134	SKIP_REJECTED_cinderx_bug
test.test_capi.test_misc.Test_testcapi.test_atexit	1	134	SKIP_APPROVED_environmental
test.test_capi.test_misc.TestThreadState.test_gilstate_matches_current	0	134	SKIP_REJECTED_cinderx_bug
test.test_capi.test_misc.Test_testcapi.test_current_tstate_matches	1	134	SKIP_APPROVED_environmental
test.test_ast.test_ast.ModuleStateTests.test_subinterpreter	0	134	SKIP_REJECTED_cinderx_bug
test.test_sys.SysModuleTest.test_subinterp_intern_dynamically_allocated	0	0	STALE_skip_test_now_passes_both
test.test_sys.SysModuleTest.test_subinterp_intern_singleton	0	0	STALE_skip_test_now_passes_both
test.test_sys.SysModuleTest.test_subinterp_intern_statically_allocated	0	0	STALE_skip_test_now_passes_both
test.test_types.SubinterpreterTests.test_static_types_inherited_slots	0	0	STALE_skip_test_now_passes_both
test.test_import.SinglephaseInitTests.test_basic_multiple_interpreters_deleted_no_reset	0	134	SKIP_REJECTED_cinderx_bug
test.test_import.SinglephaseInitTests.test_basic_multiple_interpreters_main_no_reset	0	134	SKIP_REJECTED_cinderx_bug
test.test_import.SinglephaseInitTests.test_basic_multiple_interpreters_reset_each	0	134	SKIP_REJECTED_cinderx_bug
test.test_importlib.test_util.IncompatibleExtensionModuleRestrictionsTests.test_complete_multi_phase_init_module	0	134	SKIP_REJECTED_cinderx_bug
test.test_importlib.test_util.IncompatibleExtensionModuleRestrictionsTests.test_incomplete_multi_phase_init_module	0	134	SKIP_REJECTED_cinderx_bug
test.test_importlib.test_util.IncompatibleExtensionModuleRestrictionsTests.test_single_phase_init_module	0	134	SKIP_REJECTED_cinderx_bug
test.test__xxinterpchannels.ChannelReleaseTests.test_by_unassociated_interp	0	0	STALE_skip_test_now_passes_both
test.test__xxinterpchannels.ChannelReleaseTests.test_close_if_unassociated	0	0	STALE_skip_test_now_passes_both
test.test__xxinterpchannels.ChannelReleaseTests.test_multiple_users	0	0	STALE_skip_test_now_passes_both
test.test__xxinterpchannels.ChannelTests.*	0	0	STALE_skip_test_now_passes_both
test.test_capi.test_misc.CAPITest.test_getitem_with_error	0	0	STALE_skip_test_now_passes_both
test.test_capi.test_watchers.TestTypeWatchers.test_clear_unassigned_watcher_id	0	0	STALE_skip_test_now_passes_both
test.test_capi.test_watchers.TestTypeWatchers.test_unwatch_unassigned_watcher_id	0	0	STALE_skip_test_now_passes_both
test.test_capi.test_watchers.TestTypeWatchers.test_watch_unassigned_watcher_id	0	0	STALE_skip_test_now_passes_both
test.test_capi.test_watchers.TestTypeWatchers.test_error	0	0	STALE_skip_test_now_passes_both
test.test__interpreters.*	1	1	SKIP_APPROVED_environmental
test.test__interpchannels.*	1	1	SKIP_APPROVED_environmental
test.test_crossinterp.*	1	1	SKIP_APPROVED_environmental
test.datetimetester.ExtensionModuleTests_Fast.test_concurrent_initialization_subinterpreter	1	1	SKIP_APPROVED_environmental
test.datetimetester.CapiTest_Fast.test_type_check_in_subinterp	1	1	SKIP_APPROVED_environmental
test.test_concurrent_futures.test_init.InterpreterPoolInitializerTest.*	1	1	SKIP_APPROVED_environmental
test.test_concurrent_futures.test_init.InterpreterPoolFailingInitializerTest.*	1	1	SKIP_APPROVED_environmental
test.test_concurrent_futures.test_as_completed.InterpreterPoolFailingInitializerTest.*	1	1	SKIP_APPROVED_environmental
test.test_concurrent_futures.test_as_completed.InterpreterPoolAsCompletedTest.*	1	1	SKIP_APPROVED_environmental
test.test_concurrent_futures.test_interpreter_pool.*	1	1	SKIP_APPROVED_environmental
test.test_capi.test_misc.InterpreterConfigTests.*	1	1	SKIP_APPROVED_environmental
test.test_capi.test_misc.InterpreterIDTests.*	1	1	SKIP_APPROVED_environmental
test.test_capi.test_getargs.ParseTupleAndKeywords_Test.test_gh_119213	1	1	SKIP_APPROVED_environmental
test.test_pyrepl.test_pyrepl.TestDumbTerminal.test_dumb_terminal_exits_cleanly	1	1	SKIP_APPROVED_environmental
test.test_code.CodeTest.test_stateless	1	1	SKIP_APPROVED_environmental
test.test_code.CoExtra.*	0	0	STALE_skip_test_now_passes_both
test.test_sysconfig.TestSysConfig.test_sysconfigdata_json	1	1	SKIP_APPROVED_environmental
test.test_sysconfig.TestSysConfig.test_EXT_SUFFIX_in_vars	0	0	STALE_skip_test_now_passes_both
test.test_sysconfig.TestSysConfig.test_soabi	1	1	SKIP_APPROVED_environmental
test.test_subprocess.ProcessTestCase.test_executable_without_cwd	0	0	STALE_skip_test_now_passes_both
test.test_subprocess.ProcessTestCaseNoPoll.test_executable_without_cwd	0	0	STALE_skip_test_now_passes_both
